Calories_kcal_per_100g,Sugar_g_per_100g,Protein_g_per_100g,Fat_g_per_100g,Carbs_g_per_100g,HealthScore_0_100
330,0.3,18.0,1.8,12.3,96.8
225,0.1,3.9,1.3,53.6,84.0
361,0.0,0.8,3.8,44.4,76.6
600,1.6,10.3,8.6,26.8,73.7
213,0.7,17.5,0.9,41.4,96.6
213,0.7,9.2,13.4,18.6,88.9
600,1.3,1.2,7.9,44.8,64.4
388,0.4,6.2,5.9,21.6,82.2
185,3.7,1.3,15.1,33.3,79.3
339,1.9,5.9,7.3,42.1,79.1
185,1.8,2.6,3.9,32.9,86.1
185,3.2,2.2,23.0,19.7,79.2
283,0.5,8.3,0.5,23.9,89.9
78,0.5,6.1,45.3,2.0,81.8
87,2.0,0.4,42.3,3.3,77.3
175,0.5,0.7,6.4,37.1,84.1
133,6.2,6.1,12.2,34.9,84.5
295,0.5,4.4,8.0,30.4,82.3
142,4.7,0.6,4.2,10.8,88.2
105,3.6,1.9,5.4,22.0,89.0
590,0.9,7.0,6.2,21.8,73.9
214,1.4,2.4,6.0,55.5,80.3
255,0.3,5.4,9.1,14.2,87.1
104,0.5,3.0,4.3,14.1,93.5
177,2.4,5.3,0.0,16.5,92.4
262,0.3,0.2,2.5,20.4,84.6
123,3.1,0.7,12.1,28.0,83.9
307,3.2,1.4,7.8,5.5,82.2
171,5.6,5.0,2.2,19.2,89.2
205,0.4,2.9,1.4,0.7,92.7
171,0.7,3.2,10.6,4.0,89.8
600,1.0,24.9,8.0,30.8,84.6
243,0.2,7.8,0.9,12.9,93.1
130,1.7,3.0,8.2,3.9,91.8
401,1.5,4.3,5.5,7.6,82.1
118,0.5,6.4,3.2,30.2,93.2
277,1.2,3.9,31.2,38.2,71.3
76,1.0,4.5,4.7,42.7,90.6
110,0.1,2.7,6.8,52.1,85.9
275,0.8,4.6,5.7,33.0,83.6
381,1.5,2.3,1.3,11.2,82.6
271,0.5,8.8,42.6,7.8,76.0
228,0.3,0.4,0.5,7.4,89.2
204,3.2,16.9,3.0,6.1,100.0
101,1.7,3.5,11.3,18.2,89.7
159,1.5,5.4,2.3,51.1,87.1
186,0.0,3.9,11.3,25.2,86.3
461,0.3,2.7,1.6,43.2,74.8
301,1.1,4.7,13.7,8.9,83.2
85,5.4,13.5,2.0,21.6,99.0
297,3.1,9.5,6.0,24.5,86.4
194,1.4,16.6,11.4,9.4,97.2
163,4.5,9.9,48.0,32.1,72.7
353,3.1,1.8,2.8,22.4,79.9
454,1.5,1.7,8.7,45.8,70.2
428,1.3,4.3,11.3,7.3,78.7
148,1.1,3.2,5.6,8.9,91.8
203,1.6,0.9,1.0,6.1,89.8
298,0.8,6.1,2.1,10.9,89.0
439,1.8,2.1,8.1,23.8,74.9
184,3.5,7.5,6.0,29.6,88.5
219,1.5,10.2,7.9,51.8,85.7
126,0.1,0.9,5.7,4.1,92.3
119,2.4,5.3,8.0,18.0,91.3
398,1.1,0.5,5.7,10.8,79.0
552,3.0,1.0,2.5,19.7,71.7
234,0.4,1.6,1.6,2.5,90.1
447,0.1,5.6,40.2,34.2,63.1
304,0.7,6.9,12.8,3.1,86.2
166,0.8,1.6,6.4,3.1,90.6
304,4.2,7.4,5.1,15.7,85.7
600,1.6,3.9,0.4,28.1,72.1
239,0.9,5.4,2.5,1.3,92.3
600,0.4,6.0,7.3,7.3,75.0
51,1.7,3.6,7.9,8.8,94.8
401,4.7,5.2,13.9,35.0,72.8
258,2.7,2.9,5.4,23.1,83.8
205,3.4,6.0,16.8,28.3,82.3
259,2.5,2.5,49.7,3.5,68.3
74,1.2,1.8,9.1,19.5,90.5
214,2.7,3.6,9.9,10.5,86.3
303,1.7,9.2,2.9,21.4,88.5
594,1.3,7.7,15.5,41.8,66.8
179,2.0,1.1,5.2,1.4,89.8
151,1.1,2.8,42.8,46.6,69.6
181,0.6,2.9,15.4,39.2,81.3
424,0.0,0.1,5.3,25.5,76.0
298,0.2,4.2,9.7,45.9,78.9
178,1.2,0.0,4.2,1.6,89.9
333,1.7,4.0,0.9,3.1,87.2
259,0.6,13.7,49.7,17.4,75.5
438,0.2,9.3,1.0,6.3,87.1
161,3.3,1.7,3.4,16.9,88.4
201,0.1,1.3,4.7,28.4,85.8
193,0.6,1.9,4.3,4.0,90.6
102,0.2,12.1,6.9,41.2,95.0
292,0.2,30.0,11.6,6.5,100.0
286,2.2,17.0,9.1,23.2,91.9
245,1.9,5.5,7.0,58.3,80.2
213,6.2,2.8,7.5,16.6,83.7
105,1.4,0.8,9.9,39.1,84.8
190,0.7,8.6,3.2,45.3,89.2
199,0.5,0.5,3.2,33.6,84.9
151,0.1,1.5,2.6,15.5,91.1
222,1.3,2.4,1.3,51.8,82.6
312,4.5,1.3,0.2,45.1,77.8
600,0.8,6.0,3.3,7.7,76.4
272,0.9,0.7,1.1,5.4,87.3
286,0.2,1.5,43.2,2.9,70.6
234,1.9,1.8,2.6,6.1,88.4
77,0.1,3.7,31.0,53.2,77.7
241,0.2,6.0,19.1,45.9,78.7
254,1.7,2.8,10.5,11.1,84.3
600,2.6,1.2,5.7,1.3,71.8
218,2.9,3.7,7.8,36.3,82.7
293,0.4,7.9,6.0,0.3,90.9
240,0.3,0.3,3.7,32.8,83.0
121,1.9,3.4,7.5,16.9,90.5
486,2.6,1.4,4.8,28.3,72.6
384,0.4,6.7,10.4,0.3,84.4
393,0.7,4.4,3.8,12.2,82.9
142,0.2,3.5,30.3,1.0,83.8
568,1.6,1.4,2.2,44.6,68.1
106,0.4,8.1,23.1,28.1,87.1
348,1.0,1.2,2.7,21.8,81.1
600,0.1,0.0,10.9,18.1,67.4
135,3.2,12.5,19.5,47.5,85.8
174,0.6,2.3,38.7,55.4,68.8
260,0.8,13.4,13.0,0.0,93.3
181,2.0,11.8,11.3,9.3,93.9
97,0.4,30.5,6.9,24.4,100.0
255,0.1,3.9,2.5,30.3,86.1
129,4.8,3.1,9.8,35.8,84.1
325,0.7,1.3,43.1,17.5,66.1
141,1.7,5.2,4.0,2.0,95.0
600,2.9,0.6,1.6,28.8,68.3
153,0.5,1.8,8.0,13.7,89.1
202,0.1,11.2,30.0,1.5,87.2
399,1.2,1.1,33.1,30.5,64.6
117,3.5,5.4,9.8,38.7,86.6
280,2.1,2.2,2.0,15.0,85.4
536,0.0,6.6,1.1,45.8,74.5
93,1.9,3.3,0.6,21.6,93.6
273,0.0,6.9,8.6,9.7,88.6
286,5.1,6.5,23.3,14.7,77.8
391,1.0,1.0,29.4,2.8,71.2
116,0.3,9.1,11.2,20.9,93.7
111,1.9,10.5,4.7,23.1,96.3
335,1.1,11.2,5.0,17.6,88.8
292,3.5,0.2,4.3,42.0,77.2
284,0.6,0.2,0.6,22.9,83.9
301,1.3,9.1,3.1,1.4,92.0
163,3.4,30.2,0.4,13.9,100.0
281,1.4,1.3,3.5,35.8,81.0
292,2.5,1.3,9.8,49.8,75.0
159,1.9,0.8,0.4,5.4,91.8
600,0.0,14.0,3.2,20.8,80.7
325,3.1,3.5,3.2,8.6,84.5
120,2.9,0.9,8.7,26.0,86.0
363,0.2,14.7,2.4,18.2,91.8
136,0.0,0.8,11.4,47.8,82.2
392,2.9,0.6,6.5,12.5,77.6
490,1.1,0.2,41.1,32.7,56.5
150,0.1,5.5,11.4,10.2,91.4
436,1.0,4.8,2.4,10.3,82.1
313,4.5,8.1,17.0,40.1,76.6
401,1.0,1.6,5.5,23.5,77.7
600,1.6,10.2,8.4,19.5,75.0
211,0.5,4.2,23.5,24.5,80.2
156,0.7,0.4,13.1,9.6,86.3
143,3.1,1.4,1.6,13.7,90.3
150,0.5,19.1,7.1,10.9,100.0
234,1.7,16.2,8.9,39.1,91.2
300,2.4,0.5,1.5,25.0,81.7
289,0.9,5.2,4.1,40.9,82.8
402,1.5,8.0,4.7,44.1,79.1
247,0.8,1.7,36.7,21.1,71.7
585,2.9,5.1,14.9,12.3,69.5
209,0.5,1.3,5.6,41.6,82.7
600,2.2,4.0,10.6,51.9,63.6
356,0.6,2.0,2.1,13.6,83.2
146,1.0,0.6,0.6,15.5,91.0
129,1.8,12.4,45.6,26.5,79.5
327,1.1,1.6,10.6,46.9,74.7
214,0.6,2.4,7.6,10.9,87.6
376,2.9,5.1,2.0,53.4,76.7
325,1.8,5.7,0.0,34.3,84.0
234,0.0,0.6,25.9,23.4,76.0
147,0.6,8.9,9.7,34.3,90.4
99,0.2,11.5,14.6,7.5,97.0
187,0.9,12.1,1.2,13.6,98.0
409,1.7,8.9,3.2,16.5,84.6
278,0.6,9.6,9.0,29.1,86.7
116,0.0,1.7,0.8,16.9,93.3
271,0.1,1.0,6.4,10.5,85.0
308,1.3,7.9,10.8,46.8,80.0
144,1.2,8.7,3.7,44.1,90.9
268,1.0,0.8,6.7,20.4,82.7
253,1.9,11.9,29.5,36.3,78.9
123,0.1,1.3,21.3,33.8,81.3
303,2.1,0.7,4.4,23.9,80.9
343,1.8,6.5,32.8,16.6,73.1
469,1.0,0.2,7.1,6.6,76.0
460,0.3,10.5,3.7,28.5,82.2
107,0.8,14.8,5.7,4.6,100.0
139,0.4,4.0,43.4,1.9,78.6
333,1.7,10.9,3.6,31.6,86.5
333,0.9,7.8,7.0,41.1,81.7
333,0.8,3.3,8.9,15.5,81.8
600,0.4,18.1,7.2,8.2,84.0
345,0.3,5.7,16.0,47.0,75.2
484,0.4,4.8,8.3,31.0,74.6
434,1.5,0.1,9.0,40.9,70.6
362,1.9,3.3,29.6,14.2,71.6
203,0.7,3.3,7.9,23.7,86.4
386,1.1,9.6,10.6,34.7,80.3
154,1.8,10.1,6.1,39.8,90.9
212,0.1,10.7,3.2,33.3,92.2
183,0.4,12.4,3.1,54.2,91.1
257,0.6,18.5,15.4,29.3,91.5
600,1.2,10.9,23.4,12.2,70.7
80,3.0,1.6,8.4,52.2,83.9
369,2.4,8.7,34.7,48.1,67.3
93,0.1,0.9,9.3,32.6,87.4
184,3.1,4.3,3.4,33.0,86.8
470,0.8,11.4,2.2,11.2,85.7
254,2.8,2.8,6.8,7.6,85.8
128,0.8,16.3,5.7,38.9,97.6
159,1.9,23.5,9.5,13.8,100.0
368,0.5,6.1,5.2,40.7,80.0
158,1.8,0.7,1.7,54.7,83.1
279,1.2,2.0,1.4,5.7,87.6
251,0.1,3.0,28.1,35.3,74.1
166,0.5,0.0,9.2,1.8,88.7
600,0.4,23.5,3.8,49.2,82.6
358,0.8,8.4,10.4,43.1,79.4
73,0.1,5.4,1.7,17.0,97.4
274,0.1,27.4,2.7,2.8,100.0
165,0.5,11.3,11.3,28.8,91.8
408,2.4,6.5,2.3,14.2,83.2
152,0.5,0.1,6.6,8.2,89.3
228,3.8,0.0,3.3,5.2,86.0
331,0.0,2.7,5.7,23.6,81.9
411,1.6,3.2,18.4,13.2,74.5
119,0.1,0.2,2.9,47.2,86.1
200,1.8,0.9,9.4,52.9,78.6
184,0.9,11.2,3.6,20.2,95.3
165,1.2,1.6,14.3,10.0,86.0
600,1.7,7.8,4.0,16.7,75.4
312,0.3,4.7,9.6,43.0,79.2
115,1.7,3.3,34.3,18.0,79.4
424,0.6,1.0,4.4,22.6,77.1
600,0.3,6.7,11.4,53.5,66.2
455,1.9,1.0,13.2,51.2,66.6
98,1.2,1.4,5.4,52.2,85.3
183,2.1,9.0,6.2,12.8,93.2
523,3.5,0.4,5.6,26.1,69.8
160,1.5,15.7,43.2,26.2,81.9
319,3.9,3.0,7.5,36.1,77.5
389,1.4,1.9,5.8,51.4,73.4
140,2.4,6.0,6.6,20.5,91.1
236,1.9,1.6,26.3,10.4,77.6
35,2.0,0.8,4.7,21.4,92.4
132,2.2,5.4,2.4,5.8,95.3
210,1.3,4.8,7.3,52.8,82.2
116,1.3,3.3,9.5,17.1,90.1
600,0.2,5.3,5.0,7.2,75.6
104,1.1,0.2,26.7,21.3,80.5
188,2.8,6.8,9.8,11.5,89.6
265,0.6,1.3,6.7,54.1,77.8
581,1.3,10.4,4.9,22.6,77.0
103,2.3,7.2,9.9,28.1,91.0
492,0.4,8.8,2.1,15.2,82.5
246,0.4,0.0,10.1,53.9,76.3
136,3.5,1.4,2.3,2.3,92.0
323,0.1,4.0,1.6,15.8,86.2
276,1.2,0.6,2.2,10.9,85.5
171,0.4,13.3,6.7,21.0,96.3
255,2.3,10.3,2.3,31.9,89.5
194,0.9,2.9,11.4,39.6,82.2
262,1.1,3.8,1.8,6.8,89.4
364,0.9,6.1,33.5,38.3,68.5
600,2.1,2.1,8.3,30.5,66.8
116,0.5,1.4,7.7,17.8,89.8
600,1.5,5.0,13.5,31.2,67.0
76,3.1,7.2,4.8,22.2,94.7
223,2.4,1.8,16.0,8.5,82.6
348,0.0,1.0,4.0,23.0,80.8
290,1.2,0.5,2.2,12.1,84.7
168,1.5,9.7,7.1,47.8,88.5
216,2.6,22.3,3.4,29.3,99.9
182,2.2,5.3,4.0,22.8,89.6
172,0.1,8.7,42.1,0.0,81.8
407,1.7,5.0,2.0,38.7,78.5
303,3.2,2.4,0.6,40.9,80.2
161,1.4,1.7,2.0,13.7,90.6
420,0.2,7.0,15.9,0.8,80.9
294,2.2,0.8,7.4,33.4,78.4
399,2.4,6.1,2.5,45.2,78.0
357,2.6,1.3,8.3,11.9,79.1
149,1.5,5.8,10.0,13.5,90.8
175,2.1,3.1,1.2,3.6,92.7
383,0.7,4.2,9.1,1.8,82.7
353,1.0,2.0,7.4,25.9,78.8
242,2.3,13.7,7.6,41.1,88.8
263,1.2,0.7,2.7,26.7,83.3
527,0.6,0.3,31.2,43.4,57.7
172,0.7,2.2,11.9,0.1,89.1
340,4.1,7.3,5.6,9.0,85.1
217,3.2,7.3,5.0,12.2,90.4
215,0.4,3.6,4.5,0.3,91.6
473,0.4,8.6,12.2,14.0,79.1
402,0.1,2.1,7.2,20.7,78.3
399,1.4,10.6,5.4,46.2,80.6
536,4.0,2.3,3.3,0.5,75.6
248,0.2,6.0,21.6,39.4,78.5
368,1.1,8.6,15.4,3.2,83.5
203,3.6,4.9,29.0,28.0,76.4
297,1.0,7.6,5.8,15.1,87.8
226,5.1,4.8,26.4,18.6,77.1
259,1.0,13.6,4.4,21.9,93.3
350,2.8,12.7,5.7,34.1,85.2
150,1.4,6.2,14.8,4.5,90.7
600,0.3,24.4,8.5,4.3,88.9
134,1.4,2.4,27.2,49.3,75.8
118,2.2,7.3,4.3,29.7,92.5
490,0.1,12.5,6.6,2.4,85.8
393,1.8,0.0,5.9,20.5,76.7
356,1.3,13.0,38.3,40.7,71.4
357,1.4,10.6,5.0,37.4,83.9
243,2.9,5.0,43.9,32.6,68.2
143,0.0,1.3,4.5,51.0,84.6
256,0.2,2.2,14.9,45.4,77.1
163,0.3,4.7,9.3,6.7,91.6
439,0.5,0.5,14.0,45.7,68.3
224,1.1,3.3,10.7,27.3,83.5
149,2.3,7.5,7.0,4.2,94.5
202,1.5,2.1,4.8,44.3,82.9
313,4.2,9.3,1.2,29.5,86.1
174,1.0,0.7,5.1,5.2,89.7
149,2.5,4.5,5.0,6.4,92.6
283,0.5,0.8,10.0,2.5,83.9
283,3.8,18.0,6.1,12.4,94.9
181,1.8,0.7,0.9,2.8,91.1
184,0.7,7.4,12.6,51.9,83.6
281,2.1,6.0,3.4,14.9,87.7
103,0.4,2.7,6.1,9.3,93.4
105,1.3,0.4,3.6,55.5,84.4
159,1.1,1.2,21.4,1.9,84.4
215,0.0,14.5,9.8,33.2,92.3
295,0.7,1.8,37.5,29.3,68.1
593,0.2,0.1,3.3,24.5,69.8
409,0.6,3.4,8.5,16.5,78.9
222,3.4,2.5,3.9,36.9,82.9
242,5.4,10.0,11.3,32.6,84.1
134,2.2,6.6,10.5,5.7,92.8
242,0.7,3.4,0.8,29.4,86.8
206,0.8,1.3,0.7,24.5,87.6
297,0.9,4.8,9.3,5.6,85.9
149,1.7,3.3,9.1,11.8,89.5
334,1.4,7.1,8.5,37.9,80.7
600,1.6,0.4,7.4,48.3,63.2
229,4.4,19.0,5.4,11.5,98.0
311,1.1,13.7,6.5,10.4,92.2
370,0.8,6.1,0.7,22.7,84.6
192,0.6,2.0,7.3,18.0,87.1
280,2.8,6.4,5.8,28.1,84.4
247,0.1,4.5,14.9,46.7,79.0
259,0.3,9.5,6.6,30.8,88.3
154,2.6,2.0,0.2,38.4,87.1
248,1.0,3.7,14.2,39.6,79.3
330,1.2,2.3,11.8,0.5,82.3
584,0.4,6.0,9.6,22.5,72.2
435,1.5,9.0,7.6,10.3,82.9
600,0.9,7.7,21.4,3.4,70.8
154,1.5,10.2,3.1,9.3,97.5
413,0.2,0.1,4.6,10.9,79.0
273,0.1,0.5,7.0,37.5,79.8
600,0.4,3.7,4.2,56.2,66.4
151,0.0,9.3,7.8,13.2,95.2
148,1.2,0.1,9.7,27.7,84.6
171,0.4,2.0,13.8,49.9,80.1
68,3.0,24.6,4.4,22.7,100.0
178,0.0,4.5,6.8,44.9,85.6
155,2.0,5.3,6.9,4.9,92.7
268,1.4,0.8,5.1,14.9,84.0
300,1.7,5.7,17.6,36.8,77.3
600,2.0,0.8,8.0,8.9,69.6
433,3.2,10.2,1.9,2.4,86.6
173,0.1,4.4,10.9,22.8,87.7
143,0.9,4.8,12.2,6.6,90.9
329,2.7,2.4,6.6,38.7,77.3
111,0.1,0.8,35.1,1.3,81.1
600,0.1,0.3,1.6,41.5,67.6
497,2.3,7.2,41.5,15.7,63.4
185,0.8,6.9,10.5,26.4,88.2
88,0.3,26.7,6.3,42.2,100.0
551,1.1,2.5,12.1,34.7,67.4
228,1.2,3.8,0.9,35.8,86.3
514,4.2,2.0,12.6,6.0,71.4
94,1.0,5.4,35.5,15.9,82.1
171,1.0,5.1,1.5,36.1,89.5
245,1.7,2.8,14.1,10.4,83.3
252,0.4,13.6,5.0,9.4,95.8
187,2.2,0.9,29.0,43.9,72.2
356,0.2,2.8,5.3,14.8,82.5
129,1.2,1.9,0.3,14.5,92.8
225,1.5,9.1,7.3,11.1,91.7
263,2.4,10.6,3.2,14.0,91.9
333,1.8,5.9,2.7,17.6,85.4
375,3.2,8.6,11.8,10.1,82.4
125,0.5,0.8,33.3,6.4,80.2
97,1.8,0.8,11.7,36.8,84.5
527,1.2,6.3,0.4,11.4,80.0
299,0.8,8.1,4.4,8.6,89.9
156,0.8,9.4,11.1,32.6,90.0
600,0.0,0.0,4.4,6.3,72.1
262,4.6,0.6,4.5,52.9,76.2
496,4.6,13.0,9.8,15.6,79.7
255,1.5,12.0,1.1,8.6,95.6
600,0.1,8.3,8.6,37.8,71.3
600,1.0,2.4,1.0,59.7,65.9
211,0.7,12.0,9.9,24.9,91.5
438,3.3,12.3,1.2,37.0,82.4
360,2.7,1.5,12.4,56.1,70.0
556,0.8,7.9,3.7,0.8,80.6
137,0.3,8.5,0.2,20.3,97.0
369,0.1,9.8,2.1,13.3,88.8
462,1.3,1.3,10.2,46.4,69.0
85,2.9,10.9,16.4,4.5,95.4
120,3.7,1.1,7.8,40.3,83.7
72,0.4,16.8,14.5,14.1,100.0
208,1.0,1.0,7.2,35.3,82.6
376,0.4,0.1,11.8,32.1,73.9
600,0.8,10.2,4.2,10.9,78.6
256,0.1,2.6,9.1,22.4,83.7
600,2.2,1.8,9.8,8.0,69.6
107,1.9,7.7,3.2,1.2,98.7
88,1.3,0.9,1.7,8.0,94.2
237,0.0,2.3,6.1,54.4,80.2
308,4.4,0.4,14.1,17.5,76.1
240,0.0,2.0,5.3,16.4,86.6
71,1.2,15.9,10.6,5.6,100.0
232,0.6,0.9,35.2,20.9,72.5
112,0.2,8.2,2.5,32.7,94.9
366,2.6,1.8,11.6,14.9,77.3
305,0.1,9.0,0.6,28.3,89.0
139,0.7,2.4,15.6,5.6,88.2
180,0.3,1.2,2.6,0.2,92.1
130,1.9,13.2,9.8,23.9,95.3
236,12.0,5.3,27.6,10.3,73.9
434,18.5,11.4,3.4,52.2,69.6
135,20.3,1.5,6.3,15.1,78.5
331,21.2,0.7,6.5,5.3,70.8
178,17.2,5.6,7.4,26.4,79.3
152,27.1,5.4,7.8,44.5,71.2
229,27.4,2.3,3.8,34.7,68.8
131,16.0,8.5,1.8,26.0,86.5
176,26.5,3.1,0.9,13.8,76.9
119,16.5,5.2,17.5,0.6,81.9
600,8.8,8.4,5.8,11.8,71.8
250,7.3,6.4,0.2,6.8,88.9
161,20.0,7.1,12.4,2.3,81.4
278,19.4,22.5,8.7,5.0,89.5
229,22.9,4.3,10.9,34.7,70.0
214,20.8,2.4,1.9,19.9,76.6
354,7.5,8.0,8.1,19.6,80.2
385,9.8,1.8,8.6,16.1,73.3
178,18.0,23.3,9.5,9.3,94.1
173,28.4,11.1,18.4,19.6,73.6
207,28.3,2.2,16.1,14.4,67.4
61,19.4,11.2,0.6,22.5,90.5
99,11.2,4.8,9.2,5.1,88.3
556,9.6,1.8,1.7,4.2,71.2
600,9.6,16.5,6.8,51.9,70.3
211,7.4,1.0,12.1,23.8,78.6
346,26.6,1.7,4.0,22.2,66.0
295,10.4,0.8,9.9,6.2,77.1
600,11.4,10.0,10.8,0.4,71.3
479,25.8,7.8,1.7,36.0,64.1
227,3.3,2.2,2.7,25.9,84.8
138,19.8,3.8,23.7,8.0,74.3
93,10.6,11.3,8.6,17.1,92.0
276,15.0,25.6,46.7,37.0,73.3
155,24.7,0.1,6.5,15.6,73.9
104,7.0,8.8,6.3,21.5,92.0
166,9.8,0.4,2.9,44.2,79.1
128,5.7,9.1,10.6,17.6,90.8
600,20.5,5.2,1.2,33.7,60.8
415,10.5,19.4,0.8,7.6,89.5
244,26.2,3.7,0.1,43.2,70.1
595,11.3,1.6,1.9,16.8,66.2
256,19.2,4.2,3.7,22.0,76.1
146,5.9,1.7,3.9,1.1,89.9
600,16.2,0.2,45.3,2.3,46.4
338,18.9,3.5,16.5,31.3,65.4
131,13.3,0.8,14.9,16.3,78.5
218,11.5,0.0,9.4,14.8,77.8
145,14.3,1.2,1.4,23.4,82.0
107,6.9,10.4,15.7,7.2,91.6
427,17.4,10.6,2.7,19.1,75.7
600,16.4,3.7,1.0,22.6,64.0
106,1.2,16.5,10.7,1.4,100.0
343,17.7,2.6,4.2,30.6,70.5
166,17.1,3.3,8.0,21.0,78.8
183,19.5,18.1,11.6,30.1,84.7
171,12.0,0.6,2.8,54.3,76.1
146,17.7,12.6,11.8,12.7,86.0
252,5.3,3.5,3.2,15.3,85.2
149,23.6,8.9,7.4,33.1,78.1
288,17.5,4.4,9.9,1.0,76.8
237,13.6,3.4,2.1,44.4,76.5
212,11.1,0.2,31.7,20.2,68.3
142,17.2,1.0,1.7,27.3,79.5
173,19.6,27.1,1.7,24.6,96.9
385,7.4,13.1,2.7,5.5,87.4
330,23.8,6.5,7.1,13.6,72.0
136,15.8,4.4,3.5,5.6,86.0
260,13.2,2.6,8.9,34.3,74.0
384,4.2,3.4,7.9,2.2,80.4
90,25.1,23.0,3.6,56.4,88.0
339,13.4,4.4,10.3,32.7,71.6
164,16.1,1.1,8.6,44.4,73.6
345,14.4,5.4,4.9,35.9,73.2
155,4.0,4.1,26.2,21.7,79.8
83,22.1,5.2,3.6,1.5,85.8
92,15.9,13.9,10.8,58.6,83.0
252,10.1,10.6,2.0,10.6,89.0
286,16.5,4.5,2.9,17.5,77.7
142,10.5,6.9,0.6,15.3,90.3
359,14.3,4.9,3.4,31.7,73.7
90,19.1,1.2,8.3,18.1,79.5
235,10.2,6.4,1.5,18.6,85.3
118,15.1,1.3,0.4,27.7,82.5
165,24.6,1.0,2.4,42.2,71.5
252,10.0,2.1,4.7,19.9,80.0
146,10.0,4.8,2.2,25.6,86.5
194,12.9,3.3,8.2,10.4,81.7
448,4.4,0.6,8.3,34.2,70.1
173,26.1,13.8,0.6,19.8,84.4
404,7.7,6.2,0.0,23.9,79.3
124,26.6,11.8,39.5,7.3,70.5
336,6.1,3.2,14.1,18.4,75.9
581,15.0,0.5,0.9,36.2,61.0
56,17.3,6.4,4.6,36.1,84.4
152,16.9,0.3,5.5,51.7,73.1
346,21.1,0.1,6.1,35.2,64.9
217,14.7,16.3,0.5,18.2,91.4
306,12.5,11.6,35.3,1.5,73.7
170,19.1,2.5,43.0,13.6,63.5
258,18.9,6.6,8.7,30.8,74.4
223,14.0,14.4,10.2,30.6,84.0
493,22.9,2.6,3.3,47.3,58.8
285,14.2,10.7,9.2,22.1,80.4
300,15.3,0.7,4.0,56.1,68.1
191,19.2,6.7,9.1,8.7,80.6
183,22.7,4.3,5.9,39.8,73.3
189,9.0,24.1,5.6,25.7,98.3
310,10.7,3.7,10.3,32.2,74.0
190,21.3,1.1,39.9,4.8,63.1
291,21.4,9.9,41.5,10.8,63.7
600,21.0,3.7,2.6,44.0,57.1
413,8.5,0.3,3.4,27.4,72.1
201,15.4,15.8,35.6,29.7,74.7
503,5.1,8.6,0.8,3.2,81.6
192,6.8,4.9,5.8,3.3,88.7
72,22.9,0.2,5.2,41.7,74.7
134,26.6,5.2,31.3,45.9,62.1
80,18.9,10.7,1.0,15.0,90.8
198,14.9,4.7,9.7,50.0,74.2
247,11.0,6.1,38.3,46.7,64.1
600,3.3,5.7,12.0,5.9,71.4
298,26.9,7.7,1.9,18.7,73.8
215,21.8,9.7,4.0,6.3,82.9
402,9.5,2.7,8.2,42.6,69.2
65,17.9,2.6,13.1,6.1,82.3
282,5.6,11.0,7.8,4.9,89.2
389,16.1,2.6,13.8,11.7,68.6
101,21.3,4.7,18.0,51.2,70.9
486,15.0,6.3,11.3,13.7,68.7
300,17.1,2.6,3.7,25.0,73.8
191,9.6,13.7,15.4,45.4,82.7
358,25.2,0.7,3.2,17.8,66.6
600,22.1,14.3,4.5,5.6,70.0
273,13.1,10.4,12.4,3.2,83.1
284,11.0,7.4,6.7,4.7,83.7
186,24.8,2.2,6.1,23.4,73.0
147,18.4,11.5,1.0,30.7,86.2
403,14.8,4.4,4.5,8.4,74.6
146,5.8,18.6,8.1,19.9,97.8
255,10.9,2.2,3.9,7.6,81.8
184,23.7,6.6,5.4,23.3,77.3
326,2.5,11.6,12.5,46.0,80.8
299,3.5,10.0,11.0,32.0,83.1
456,11.4,12.8,1.0,48.3,75.5
180,12.8,0.1,1.5,32.2,79.1
208,23.8,1.2,2.6,9.9,75.6
136,11.7,1.1,1.3,29.5,82.9
187,18.7,3.9,32.1,36.1,64.8
307,19.4,5.1,3.6,22.7,74.4
385,19.1,11.3,0.1,12.5,79.2
141,21.9,2.6,13.2,19.9,74.5
412,19.7,0.2,28.7,31.4,54.3
552,5.0,8.1,7.0,41.4,70.3
314,13.7,2.5,6.3,5.8,77.2
600,25.1,0.6,11.0,34.1,50.5
154,23.2,5.1,2.5,2.6,82.4
116,13.2,2.6,3.8,24.2,83.8
84,22.9,14.6,10.5,5.1,88.9
600,11.1,4.0,3.1,1.4,70.0
362,18.1,0.5,0.5,13.1,72.3
237,12.3,4.5,10.6,9.0,80.4
289,23.3,7.8,8.8,10.6,74.8
125,15.7,1.3,9.7,14.7,80.1
600,17.3,7.8,16.0,47.6,56.2
264,5.5,2.3,5.4,13.3,83.0
261,22.8,1.6,4.8,56.6,65.6
378,12.1,0.9,4.4,26.1,71.7
327,13.0,4.9,41.1,19.3,62.1
280,18.5,0.3,13.4,49.5,63.9
152,24.0,2.8,13.3,2.9,75.7
325,14.9,10.7,1.8,34.9,79.2
600,12.1,4.7,3.1,32.6,64.7
549,13.7,7.8,3.6,19.9,70.2
600,19.1,6.9,7.7,19.7,62.5
180,21.3,1.4,5.9,16.5,75.9
135,20.2,3.8,13.9,12.7,77.5
227,11.2,0.2,2.2,37.5,77.0
253,22.8,0.8,11.8,7.7,70.6
472,19.8,7.5,8.5,54.0,61.9
89,18.3,2.0,3.4,18.9,82.6
600,19.3,6.4,12.0,22.1,59.9
223,18.8,2.5,7.1,51.2,70.1
189,19.6,17.9,1.9,1.8,93.0
133,18.2,10.3,10.3,10.8,85.5
91,6.3,5.9,4.9,17.2,92.0
401,5.8,2.8,15.9,30.5,70.3
256,20.9,2.7,2.5,22.7,74.3
113,4.8,7.0,6.5,3.3,94.5
112,11.4,1.3,3.0,35.3,82.5
200,19.1,6.6,40.7,34.2,62.8
600,20.6,0.5,12.6,47.0,50.3
209,16.9,5.6,1.5,40.7,78.2
99,15.4,11.4,0.6,17.5,92.3
211,10.4,0.9,7.2,29.7,77.9
208,28.8,2.5,5.4,12.6,72.1
49,17.5,24.9,7.0,6.1,100.0
237,26.5,0.5,6.6,50.7,63.8
213,3.7,11.5,44.1,20.0,75.9
372,6.1,2.5,0.7,48.1,74.5
600,13.0,7.1,0.3,49.8,64.3
481,21.9,0.2,6.2,49.9,56.4
208,17.3,2.1,8.4,9.1,77.8
126,9.8,2.2,2.9,18.2,86.4
600,20.0,0.1,6.3,5.2,59.9
254,9.9,8.7,7.0,6.2,86.2
247,10.1,5.0,4.2,44.2,78.4
241,9.4,4.6,5.6,10.1,83.9
276,14.2,1.2,6.2,37.2,72.3
224,13.1,0.4,5.2,59.2,71.3
173,21.8,0.1,2.0,21.8,75.7
176,5.7,0.6,10.9,3.3,84.7
240,12.4,15.4,35.8,5.4,78.5
177,12.6,1.1,2.0,38.1,78.9
160,22.3,10.2,1.8,28.7,82.4
261,19.4,5.1,2.6,16.7,77.8
210,23.6,13.2,7.8,9.7,82.5
600,9.6,3.1,34.0,41.7,50.6
50,24.0,3.6,4.4,45.0,77.3
471,17.6,7.7,3.9,2.7,73.8
517,10.8,0.0,10.6,48.8,59.6
71,6.9,17.2,7.7,51.7,94.1
199,24.8,1.6,0.3,23.4,74.4
196,10.0,0.4,3.5,54.1,75.8
105,12.7,0.1,9.0,22.3,80.8
153,12.3,5.0,28.7,24.3,74.2
126,17.3,1.1,10.5,3.0,80.6
600,8.6,24.1,12.7,28.0,78.1
429,23.5,17.2,24.9,19.4,67.7
525,13.6,2.1,11.9,33.7,61.2
377,26.1,6.0,12.2,14.0,66.2
124,11.9,4.7,9.3,19.6,84.3
179,20.9,1.7,1.0,6.2,80.2
328,5.7,0.2,16.3,14.5,74.0
118,23.9,18.5,0.6,37.2,88.6
375,27.0,5.9,2.7,46.7,64.1
212,0.3,2.4,12.3,13.4,85.4
195,14.5,1.5,7.8,15.7,78.7
375,13.6,5.5,5.8,10.3,76.4
319,2.2,0.5,4.3,46.4,76.3
197,12.9,2.9,1.5,24.4,81.8
491,10.0,12.6,7.3,45.7,72.5
128,10.2,7.1,12.1,14.1,86.6
354,22.3,4.5,3.2,38.0,68.0
349,9.9,5.4,3.9,13.7,79.8
203,26.0,9.0,10.9,26.9,74.1
298,9.4,0.3,10.9,5.7,76.8
116,17.7,5.7,9.3,15.0,82.7
426,4.5,6.5,7.1,17.8,78.6
219,12.6,2.3,4.6,30.2,78.3
179,8.7,5.3,8.8,4.3,87.1
459,16.1,11.2,42.4,25.3,58.0
160,20.1,1.4,12.3,31.0,72.4
105,12.2,19.7,10.3,50.1,90.6
96,3.0,6.8,5.0,51.9,88.6
352,12.2,6.8,16.4,29.1,71.6
113,17.2,3.1,7.3,31.8,79.2
600,6.9,2.1,12.0,50.0,59.2
70,17.5,10.7,40.7,23.4,74.0
600,4.9,8.8,25.0,33.6,62.7
278,9.0,3.5,20.6,15.6,74.6
231,15.7,3.0,9.6,5.1,78.6
176,12.4,0.7,10.9,56.4,72.0
311,19.7,3.9,2.6,51.5,68.8
239,1.5,0.2,7.2,11.3,84.4
474,14.7,0.7,13.0,5.7,65.8
262,12.8,2.6,3.6,25.2,77.9
268,19.1,7.1,1.1,40.5,75.8
197,18.2,24.9,8.0,29.1,91.7
236,15.0,1.3,2.7,37.6,75.0
294,20.1,6.9,16.2,24.9,70.3
88,0.6,4.6,7.7,20.0,92.9
109,6.7,1.6,8.9,22.1,85.4
382,9.0,0.7,3.5,6.4,76.8
271,20.3,3.7,10.2,7.9,74.1
219,17.0,7.3,2.3,33.0,80.0
247,4.3,9.1,5.9,48.8,83.4
301,13.1,4.1,0.9,51.0,74.0
177,17.2,5.0,11.8,27.0,76.9
153,9.7,6.4,2.8,0.5,91.5
275,4.5,4.7,28.2,49.1,69.5
136,11.1,2.7,13.6,16.5,81.5
313,26.1,0.8,15.1,4.0,65.4
88,27.7,3.8,16.1,6.3,75.3
454,13.7,4.6,3.3,46.3,67.4
325,13.0,2.0,1.2,3.7,79.3
285,17.2,4.2,26.7,43.8,62.8
441,15.6,6.9,6.9,14.1,72.5
600,6.7,0.8,35.7,10.4,55.1
450,5.5,2.0,6.9,35.7,70.7
81,22.5,6.7,3.1,2.8,86.8
114,5.1,10.1,13.0,3.7,93.8
168,26.0,14.5,19.1,7.9,79.4
249,3.1,2.0,1.4,2.1,88.4
334,26.0,0.3,6.5,29.2,63.6
158,11.3,11.6,13.4,15.5,87.4
274,2.5,28.8,0.2,6.7,100.0
156,21.7,3.0,1.9,40.9,75.5
170,16.6,5.3,13.3,2.3,81.3
105,16.2,5.3,14.9,29.9,79.0
141,13.8,1.5,1.0,13.4,84.6
109,13.3,5.9,8.6,21.1,85.0
136,9.7,2.7,33.0,40.5,70.2
460,12.8,2.1,2.7,14.2,71.4
138,15.8,3.9,10.4,39.0,77.1
600,4.6,12.9,1.7,49.2,73.1
329,20.0,6.9,35.6,57.3,55.4
273,9.4,10.1,5.6,6.2,87.4
146,2.2,6.1,7.6,54.6,84.9
372,12.8,6.4,13.8,18.3,73.0
173,15.6,6.7,2.5,25.5,83.4
263,9.1,12.9,2.8,0.7,92.1
600,7.5,1.1,4.1,26.0,65.4
231,5.1,3.2,3.8,37.6,82.0
488,12.1,0.2,9.7,37.7,62.4
160,6.5,2.7,6.8,1.1,88.6
240,8.9,2.7,35.8,24.0,67.9
600,7.9,6.0,7.3,1.7,71.6
168,5.3,0.3,1.3,6.1,88.6
600,23.8,4.2,10.1,34.4,54.3
374,11.7,10.2,0.3,46.4,77.4
175,25.4,0.8,13.1,49.9,64.7
358,10.5,7.8,11.5,0.4,79.9
439,20.2,5.1,8.7,31.1,64.9
355,22.3,8.5,9.6,13.2,72.4
95,24.4,3.5,1.5,10.2,82.1
158,16.7,10.7,9.3,23.5,83.9
211,11.6,3.0,9.5,27.0,78.2
234,16.4,7.1,2.1,23.0,81.3
355,16.1,5.3,12.3,1.7,74.4
272,9.0,11.4,5.1,12.5,87.8
110,13.8,0.4,0.6,36.1,81.4
307,9.0,1.0,3.3,52.1,72.6
353,23.9,3.2,4.3,0.2,71.9
342,3.0,0.7,20.4,51.5,67.4
468,15.4,28.2,0.8,23.8,88.4
404,7.6,0.4,3.7,21.7,73.9
322,16.2,3.7,30.2,28.1,62.6
235,11.8,8.3,8.8,18.3,82.8
90,12.0,8.0,2.1,9.5,92.8
317,11.5,14.2,1.3,30.8,85.1
277,12.1,0.4,3.9,4.3,79.4
288,17.9,11.3,5.9,34.9,77.8
114,16.0,5.6,0.8,18.6,86.7
128,22.5,9.0,37.4,2.8,72.2
460,9.6,1.7,5.1,3.6,73.8
239,15.9,4.5,6.4,0.2,81.4
368,19.2,1.2,5.1,6.6,71.1
249,11.4,12.3,14.6,34.7,80.3
249,25.9,0.0,50.1,9.0,52.1
430,15.8,1.1,41.8,51.3,47.7
180,22.6,5.5,1.4,41.6,75.9
259,12.7,12.3,31.8,16.2,75.1
185,2.4,2.9,5.9,6.9,89.5
189,22.5,4.1,1.8,16.7,78.5
203,14.2,11.4,7.6,21.7,85.0
280,24.1,17.5,3.4,24.6,81.9
184,13.5,0.3,12.9,11.3,77.4
520,21.9,28.9,8.7,38.0,77.3
143,28.6,2.3,14.9,52.6,64.1
219,14.0,3.0,4.8,48.9,74.8
188,13.2,6.5,4.9,35.5,81.4
583,18.8,3.5,7.5,22.6,60.5
275,14.3,2.6,7.7,7.0,77.8
454,9.0,5.6,13.3,59.7,64.5
100,16.1,12.1,5.3,19.2,90.1
287,15.0,3.4,17.6,6.3,73.5
417,17.1,6.5,10.2,17.8,70.3
257,24.9,0.7,1.3,13.8,72.4
464,14.8,0.9,2.7,58.6,61.8
179,8.1,10.9,3.0,45.3,87.2
570,29.1,6.5,18.2,3.9,55.9
600,3.9,1.9,3.4,35.4,66.8
197,19.3,0.0,12.2,52.3,66.7
187,8.2,2.5,1.3,28.1,84.1
585,22.4,5.7,6.4,13.6,61.9
600,23.0,3.6,4.0,15.3,60.1
179,9.9,0.3,14.2,36.0,75.1
190,19.9,2.5,6.8,1.7,79.2
207,8.1,7.0,12.3,49.1,78.6
109,6.7,0.7,8.5,43.5,81.3
141,3.9,3.5,4.4,13.6,90.4
134,17.7,7.5,8.5,45.4,78.6
154,20.9,4.4,2.1,16.1,81.1
240,19.5,7.0,7.5,2.4,80.4
282,10.9,7.3,43.7,42.5,62.1
600,7.4,23.3,5.1,27.7,81.4
134,5.9,4.4,0.4,54.6,85.0
442,16.9,2.4,12.2,21.7,64.8
215,27.4,1.0,13.6,9.1,68.6
238,23.4,3.0,15.9,21.0,68.6
367,22.8,2.8,3.6,31.9,66.7
125,17.2,3.5,7.6,25.1,80.0
308,28.4,0.7,11.7,14.3,63.9
270,5.2,0.0,12.7,46.0,72.8
329,18.2,4.7,46.4,55.1,50.7
291,23.4,3.5,0.7,11.0,74.7
600,5.9,2.0,5.5,2.4,70.4
167,14.6,13.3,27.2,6.5,82.1
178,14.8,1.4,10.8,11.6,78.6
168,10.3,6.2,40.7,18.0,71.7
175,5.2,1.4,3.8,36.7,83.0
167,26.5,2.4,11.9,44.8,67.0
499,8.1,5.3,3.7,44.5,69.5
574,9.8,3.1,6.3,6.4,69.0
174,11.0,5.5,0.8,28.4,85.4
149,13.0,4.1,4.9,13.1,85.1
325,17.3,2.2,6.9,34.6,69.4
176,21.4,3.3,9.0,57.3,69.4
358,22.2,8.0,1.4,4.0,76.9
276,27.3,0.5,5.5,13.2,68.5
99,17.5,0.1,7.4,27.6,78.1
600,26.4,14.3,5.3,8.3,66.7
600,12.3,2.1,3.5,26.2,63.6
169,15.7,9.1,1.7,0.6,89.8
194,14.2,10.0,6.5,10.6,86.7
290,21.1,4.1,46.2,17.8,56.5
299,10.0,6.0,10.4,49.1,73.7
363,23.5,4.2,2.0,10.0,71.8
600,13.5,6.0,9.9,24.9,63.4
220,15.7,9.3,0.9,26.5,83.9
152,9.8,4.0,1.5,33.9,84.7
107,13.3,5.0,10.3,2.2,86.9
158,12.5,1.9,4.8,26.0,81.2
240,17.1,0.1,8.9,31.1,71.2
600,5.0,6.7,14.7,9.0,69.5
179,14.5,9.9,11.1,11.3,85.0
280,16.5,0.8,2.3,43.9,71.0
242,12.3,7.2,5.6,13.4,83.6
499,23.7,4.4,17.2,11.8,59.6
600,19.7,4.7,1.9,2.5,65.8
178,21.8,13.8,31.1,6.0,76.3
182,8.1,5.4,5.6,40.4,82.7
458,15.8,2.0,16.5,41.3,59.4
368,2.1,5.5,5.5,4.3,84.6
600,9.7,3.5,4.9,8.9,68.4
347,23.1,7.4,8.1,31.5,69.0
197,7.0,6.1,12.2,53.1,78.4
349,16.7,8.0,5.3,20.2,76.1
476,6.5,0.3,4.1,24.3,70.8
400,4.5,5.0,13.1,14.8,76.5
332,21.6,10.9,4.6,17.5,76.9
464,14.8,0.2,8.6,18.5,65.5
494,3.1,10.1,27.5,50.3,65.3
561,2.9,4.1,2.9,45.7,69.2
361,16.1,2.2,8.9,29.8,68.5
221,20.7,5.7,2.3,10.2,80.3
267,9.7,3.2,1.5,5.4,84.1
505,20.4,4.0,7.0,15.2,64.6
150,17.0,0.5,17.4,19.7,73.7
305,56.4,4.8,41.1,1.1,40.7
193,52.8,10.3,8.4,42.1,58.4
249,55.5,7.6,9.5,1.0,58.8
527,28.0,6.2,30.3,5.2,52.9
274,31.4,2.0,1.6,30.5,66.0
252,31.6,0.1,17.9,51.4,55.1
108,35.1,3.9,4.0,32.7,70.8
383,35.7,1.7,37.8,15.7,46.1
360,41.8,0.7,1.8,49.6,52.1
600,26.4,0.3,13.3,1.6,54.0
203,47.6,7.2,5.0,14.8,64.6
279,26.7,4.5,5.1,6.9,72.9
284,32.4,6.8,5.6,41.0,65.2
600,40.1,0.2,23.8,17.1,39.0
231,51.9,4.3,9.0,2.0,59.2
289,49.6,4.2,5.8,30.0,54.8
352,45.8,9.8,12.9,12.3,58.5
274,26.2,2.1,7.8,16.8,68.8
187,41.9,8.1,4.3,5.1,71.2
275,23.5,4.1,6.0,51.7,66.8
466,35.1,1.5,36.7,27.4,41.4
132,36.5,9.1,6.5,1.5,77.1
265,21.6,3.3,1.8,15.8,75.4
161,31.0,3.3,6.8,37.4,68.6
501,58.2,2.1,3.7,15.6,42.6
98,58.1,0.3,7.9,43.2,51.8
175,34.1,0.8,3.1,9.8,70.5
307,21.7,13.9,9.8,4.0,80.2
600,27.2,25.0,15.5,39.8,64.8
235,35.7,2.5,6.9,38.8,61.9
175,57.9,10.1,7.6,27.6,58.7
600,25.6,4.8,2.3,26.0,58.4
103,50.5,1.0,5.6,3.9,64.0
65,24.3,2.0,3.6,25.9,78.8
319,59.3,0.6,9.3,0.4,48.6
181,35.3,2.6,7.0,28.2,66.2
133,51.0,1.5,1.0,16.8,62.6
374,33.7,9.5,3.4,54.3,61.4
283,45.1,3.5,17.4,22.5,53.5
174,27.7,1.4,9.1,35.0,68.0
114,25.8,7.3,0.2,8.6,84.2
413,57.5,7.6,10.3,34.1,45.0
361,56.7,2.7,30.9,2.2,40.7
231,55.5,2.7,9.3,7.5,54.9
600,45.0,3.1,10.6,34.9,40.8
129,52.3,5.3,36.5,44.2,45.5
98,22.8,0.9,10.7,2.3,78.4
162,33.4,18.6,6.3,37.3,78.9
238,32.5,3.1,25.3,2.7,62.5
283,45.4,7.2,44.3,30.0,43.7
212,34.2,9.2,5.1,15.1,73.5
302,25.9,22.9,12.3,45.5,76.8
115,43.9,1.9,4.0,10.5,67.6
582,52.6,4.9,14.5,2.3,42.3
233,35.3,14.3,50.3,7.9,58.2
478,25.3,0.5,8.9,38.8,55.5
301,27.9,2.6,5.8,15.1,68.2
322,29.5,3.3,4.0,15.7,67.6
344,32.0,1.3,8.0,30.4,59.6
320,45.7,2.4,5.4,33.4,54.0
360,44.0,16.5,9.7,0.5,67.6
543,47.8,6.4,0.7,7.8,52.7
275,34.5,2.7,9.3,40.9,59.8
374,53.0,6.3,9.1,12.6,52.3
232,28.2,11.3,6.0,24.1,75.8
581,38.8,2.9,3.8,15.9,51.1
163,52.0,12.9,2.5,43.7,64.2
600,27.2,1.3,2.0,27.3,54.7
239,24.4,4.1,41.2,11.7,59.8
104,55.3,15.3,9.4,3.2,70.4
264,33.7,4.8,7.8,16.1,67.0
163,47.4,1.7,7.4,36.2,57.7
405,21.0,11.3,17.3,16.7,69.4
165,47.6,11.6,8.9,0.7,70.2
187,32.6,1.2,4.3,27.6,67.7
79,22.2,0.0,7.8,39.5,73.9
187,44.4,0.4,2.6,26.0,61.2
57,29.6,0.0,36.7,13.3,62.8
95,35.5,24.3,4.8,15.2,89.0
386,23.2,1.3,4.3,19.1,66.4
392,25.9,10.8,14.3,4.5,70.0
316,31.9,1.4,9.1,5.8,64.5
137,23.6,3.7,5.8,26.7,76.4
238,56.4,2.8,37.3,13.1,41.6
244,20.2,1.4,15.1,7.2,71.6
122,39.4,1.1,9.3,4.9,68.1
600,24.9,2.9,1.5,42.7,54.9
414,32.3,5.9,13.3,45.1,55.3
214,57.0,39.9,2.9,10.2,84.8
249,26.5,2.9,2.5,20.7,71.9
277,58.6,2.4,10.7,17.4,48.7
72,28.2,0.6,0.7,33.7,75.1
211,49.7,2.0,14.4,6.1,56.7
163,41.9,0.1,4.1,22.5,63.4
134,55.4,0.8,11.4,23.8,54.0
207,42.2,8.1,8.3,40.2,62.7
600,41.4,1.3,6.4,21.0,45.7
359,27.8,0.5,36.3,11.1,52.2
174,26.6,9.2,4.0,23.7,78.5
345,56.7,5.2,46.2,28.4,32.5
